{
    "M20_100_2":
    {
        "mu": [7.966775259681803e-05, 0.00123619569773328],
        "cov": [7.816460266253371e-12, 9.58489911964074e-12, 9.58489911964074e-12, 6.065511003563572e-10]
    },
    "M20":
    {
        "mu": [8.212593381341442e-05, 9.153397475975512e-05],
        "cov": [8.151377497566192e-12, -5.085169469674101e-13, -5.085169469674101e-13, 1.7628821758809368e-11]
    },
    "M30":
    {
        "mu": [0.00017501990483562293, 0.0001872053680479618],
        "cov": [1.3058520323768772e-11, -2.521326376010694e-12, -2.521326376010694e-12, 1.9948737279276803e-11]
    },
    "F20_20":
    {
        "mu": [4.986749640270968e-05, 0.0009100607037128482],
        "cov": [2.2994151321003596e-12, 2.0228862993517537e-12, 2.0228862993517537e-12, 6.190538544112443e-10]
    },
    "S40_40":
    {
        "mu": [0.0001631211254624015, 0.0009091216501970352],
        "cov": [3.63936539524971e-11, -3.530775111157953e-11, -3.530775111157953e-11, 8.35529589238131e-10]
    },
    "M20_100":
    {
        "mu": [8.694407811259574e-05, 0.0012463137898792295],
        "cov": [6.836558954021394e-12, -5.640281323814547e-12, -5.640281323814547e-12, 5.605639897062023e-10]
    },
    "R20":
    {
        "mu": [0.00010728045717336326, 0.00019963709166317823],
        "cov": [3.6957333376084496e-11, -1.507988154382415e-12, -1.507988154382415e-12, 4.285946079073053e-11]
    }
}
